equipo,arena,latitude,longitude,logo0,color,tm,local,visitor,latitude1,longitude1
Gran Canaria,Gran Canaria Arena,28.10308200222156,-15.456896903683322,https://static.acb.com/img/2/58/5b/75611.png,#FFB718,GCA,Gran Canaria,Barça,41.3802205350011,2.1201211695310715
Gran Canaria,Gran Canaria Arena,28.10308200222156,-15.456896903683322,https://static.acb.com/img/2/58/5b/75611.png,#FFB718,GCA,Gran Canaria,Casademont Zaragoza,41.699492152676626,-0.8766544769103839
Gran Canaria,Gran Canaria Arena,28.10308200222156,-15.456896903683322,https://static.acb.com/img/2/58/5b/75611.png,#FFB718,GCA,Gran Canaria,Coviran Granada,37.15424932400022,-3.5936020041126646
Gran Canaria,Gran Canaria Arena,28.10308200222156,-15.456896903683322,https://static.acb.com/img/2/58/5b/75611.png,#FFB718,GCA,Gran Canaria,Lenovo Tenerife,28.45934431808708,-16.296844528818482
Gran Canaria,Gran Canaria Arena,28.10308200222156,-15.456896903683322,https://static.acb.com/img/2/58/5b/75611.png,#FFB718,GCA,Gran Canaria,BAXI Manresa,41.72553131948518,1.809883913714619
Gran Canaria,Gran Canaria Arena,28.10308200222156,-15.456896903683322,https://static.acb.com/img/2/58/5b/75611.png,#FFB718,GCA,Gran Canaria,Cazoo Baskonia,42.86418354588555,-2.641617379517079
Gran Canaria,Gran Canaria Arena,28.10308200222156,-15.456896903683322,https://static.acb.com/img/2/58/5b/75611.png,#FFB718,GCA,Gran Canaria,Valencia Basket,39.45188248874301,-0.3660431016680829
Gran Canaria,Gran Canaria Arena,28.10308200222156,-15.456896903683322,https://static.acb.com/img/2/58/5b/75611.png,#FFB718,GCA,Gran Canaria,Carplus Fuenlabrada,40.28271366483084,-3.800509143982543
Gran Canaria,Gran Canaria Arena,28.10308200222156,-15.456896903683322,https://static.acb.com/img/2/58/5b/75611.png,#FFB718,GCA,Gran Canaria,Monbus Obradoiro,42.87640091313994,-8.530649001605413
Gran Canaria,Gran Canaria Arena,28.10308200222156,-15.456896903683322,https://static.acb.com/img/2/58/5b/75611.png,#FFB718,GCA,Gran Canaria,Unicaja,36.68279217722466,-4.460469972879309
Gran Canaria,Gran Canaria Arena,28.10308200222156,-15.456896903683322,https://static.acb.com/img/2/58/5b/75611.png,#FFB718,GCA,Gran Canaria,Surne Bilbao Basket,43.252351650418106,-2.9261184727627896
Gran Canaria,Gran Canaria Arena,28.10308200222156,-15.456896903683322,https://static.acb.com/img/2/58/5b/75611.png,#FFB718,GCA,Gran Canaria,UCAM Murcia,37.99401913800324,-1.1126044975056224
Gran Canaria,Gran Canaria Arena,28.10308200222156,-15.456896903683322,https://static.acb.com/img/2/58/5b/75611.png,#FFB718,GCA,Gran Canaria,Real Betis Baloncesto,37.396421763093244,-5.9648958606643605
Gran Canaria,Gran Canaria Arena,28.10308200222156,-15.456896903683322,https://static.acb.com/img/2/58/5b/75611.png,#FFB718,GCA,Gran Canaria,Río Breogán,42.99112162431948,-7.545301072767826
Gran Canaria,Gran Canaria Arena,28.10308200222156,-15.456896903683322,https://static.acb.com/img/2/58/5b/75611.png,#FFB718,GCA,Gran Canaria,Joventut Badalona,41.4426848150727,2.232038842544811
Gran Canaria,Gran Canaria Arena,28.10308200222156,-15.456896903683322,https://static.acb.com/img/2/58/5b/75611.png,#FFB718,GCA,Gran Canaria,Bàsquet Girona,41.99106442107368,2.8105742658463644
Gran Canaria,Gran Canaria Arena,28.10308200222156,-15.456896903683322,https://static.acb.com/img/2/58/5b/75611.png,#FFB718,GCA,Gran Canaria,Real Madrid,40.4240337619823,-3.671751201650836
Joventut Badalona,Palau Municipal D´Esports de Badalona,41.4426848150727,2.232038842544811,https://static.acb.com/img/e/53/16/1453195579.png,#2F8E62,JOV,Joventut Badalona,Surne Bilbao Basket,43.252351650418106,-2.9261184727627896
Joventut Badalona,Palau Municipal D´Esports de Badalona,41.4426848150727,2.232038842544811,https://static.acb.com/img/e/53/16/1453195579.png,#2F8E62,JOV,Joventut Badalona,Río Breogán,42.99112162431948,-7.545301072767826
Joventut Badalona,Palau Municipal D´Esports de Badalona,41.4426848150727,2.232038842544811,https://static.acb.com/img/e/53/16/1453195579.png,#2F8E62,JOV,Joventut Badalona,Unicaja,36.68279217722466,-4.460469972879309
Joventut Badalona,Palau Municipal D´Esports de Badalona,41.4426848150727,2.232038842544811,https://static.acb.com/img/e/53/16/1453195579.png,#2F8E62,JOV,Joventut Badalona,Casademont Zaragoza,41.699492152676626,-0.8766544769103839
Joventut Badalona,Palau Municipal D´Esports de Badalona,41.4426848150727,2.232038842544811,https://static.acb.com/img/e/53/16/1453195579.png,#2F8E62,JOV,Joventut Badalona,Barça,41.3802205350011,2.1201211695310715
Joventut Badalona,Palau Municipal D´Esports de Badalona,41.4426848150727,2.232038842544811,https://static.acb.com/img/e/53/16/1453195579.png,#2F8E62,JOV,Joventut Badalona,Lenovo Tenerife,28.45934431808708,-16.296844528818482
Joventut Badalona,Palau Municipal D´Esports de Badalona,41.4426848150727,2.232038842544811,https://static.acb.com/img/e/53/16/1453195579.png,#2F8E62,JOV,Joventut Badalona,Real Betis Baloncesto,37.396421763093244,-5.9648958606643605
Joventut Badalona,Palau Municipal D´Esports de Badalona,41.4426848150727,2.232038842544811,https://static.acb.com/img/e/53/16/1453195579.png,#2F8E62,JOV,Joventut Badalona,Coviran Granada,37.15424932400022,-3.5936020041126646
Joventut Badalona,Palau Municipal D´Esports de Badalona,41.4426848150727,2.232038842544811,https://static.acb.com/img/e/53/16/1453195579.png,#2F8E62,JOV,Joventut Badalona,Gran Canaria,28.10308200222156,-15.456896903683322
Joventut Badalona,Palau Municipal D´Esports de Badalona,41.4426848150727,2.232038842544811,https://static.acb.com/img/e/53/16/1453195579.png,#2F8E62,JOV,Joventut Badalona,BAXI Manresa,41.72553131948518,1.809883913714619
Joventut Badalona,Palau Municipal D´Esports de Badalona,41.4426848150727,2.232038842544811,https://static.acb.com/img/e/53/16/1453195579.png,#2F8E62,JOV,Joventut Badalona,UCAM Murcia,37.99401913800324,-1.1126044975056224
Joventut Badalona,Palau Municipal D´Esports de Badalona,41.4426848150727,2.232038842544811,https://static.acb.com/img/e/53/16/1453195579.png,#2F8E62,JOV,Joventut Badalona,Carplus Fuenlabrada,40.28271366483084,-3.800509143982543
Joventut Badalona,Palau Municipal D´Esports de Badalona,41.4426848150727,2.232038842544811,https://static.acb.com/img/e/53/16/1453195579.png,#2F8E62,JOV,Joventut Badalona,Valencia Basket,39.45188248874301,-0.3660431016680829
Joventut Badalona,Palau Municipal D´Esports de Badalona,41.4426848150727,2.232038842544811,https://static.acb.com/img/e/53/16/1453195579.png,#2F8E62,JOV,Joventut Badalona,Bàsquet Girona,41.99106442107368,2.8105742658463644
Joventut Badalona,Palau Municipal D´Esports de Badalona,41.4426848150727,2.232038842544811,https://static.acb.com/img/e/53/16/1453195579.png,#2F8E62,JOV,Joventut Badalona,Real Madrid,40.4240337619823,-3.671751201650836
Joventut Badalona,Palau Municipal D´Esports de Badalona,41.4426848150727,2.232038842544811,https://static.acb.com/img/e/53/16/1453195579.png,#2F8E62,JOV,Joventut Badalona,Cazoo Baskonia,42.86418354588555,-2.641617379517079
Joventut Badalona,Palau Municipal D´Esports de Badalona,41.4426848150727,2.232038842544811,https://static.acb.com/img/e/53/16/1453195579.png,#2F8E62,JOV,Joventut Badalona,Monbus Obradoiro,42.87640091313994,-8.530649001605413
Cazoo Baskonia,Fernando Buesa Arena,42.86418354588555,-2.641617379517079,https://static.acb.com/img/www/clubes2022/CazooBaskonia-Logo-56.png,#C8102E,BKN,Cazoo Baskonia,Unicaja,36.68279217722466,-4.460469972879309
Cazoo Baskonia,Fernando Buesa Arena,42.86418354588555,-2.641617379517079,https://static.acb.com/img/www/clubes2022/CazooBaskonia-Logo-56.png,#C8102E,BKN,Cazoo Baskonia,Lenovo Tenerife,28.45934431808708,-16.296844528818482
Cazoo Baskonia,Fernando Buesa Arena,42.86418354588555,-2.641617379517079,https://static.acb.com/img/www/clubes2022/CazooBaskonia-Logo-56.png,#C8102E,BKN,Cazoo Baskonia,Real Madrid,40.4240337619823,-3.671751201650836
Cazoo Baskonia,Fernando Buesa Arena,42.86418354588555,-2.641617379517079,https://static.acb.com/img/www/clubes2022/CazooBaskonia-Logo-56.png,#C8102E,BKN,Cazoo Baskonia,Real Betis Baloncesto,37.396421763093244,-5.9648958606643605
Cazoo Baskonia,Fernando Buesa Arena,42.86418354588555,-2.641617379517079,https://static.acb.com/img/www/clubes2022/CazooBaskonia-Logo-56.png,#C8102E,BKN,Cazoo Baskonia,Bàsquet Girona,41.99106442107368,2.8105742658463644
Cazoo Baskonia,Fernando Buesa Arena,42.86418354588555,-2.641617379517079,https://static.acb.com/img/www/clubes2022/CazooBaskonia-Logo-56.png,#C8102E,BKN,Cazoo Baskonia,UCAM Murcia,37.99401913800324,-1.1126044975056224
Cazoo Baskonia,Fernando Buesa Arena,42.86418354588555,-2.641617379517079,https://static.acb.com/img/www/clubes2022/CazooBaskonia-Logo-56.png,#C8102E,BKN,Cazoo Baskonia,Carplus Fuenlabrada,40.28271366483084,-3.800509143982543
Cazoo Baskonia,Fernando Buesa Arena,42.86418354588555,-2.641617379517079,https://static.acb.com/img/www/clubes2022/CazooBaskonia-Logo-56.png,#C8102E,BKN,Cazoo Baskonia,Valencia Basket,39.45188248874301,-0.3660431016680829
Cazoo Baskonia,Fernando Buesa Arena,42.86418354588555,-2.641617379517079,https://static.acb.com/img/www/clubes2022/CazooBaskonia-Logo-56.png,#C8102E,BKN,Cazoo Baskonia,Joventut Badalona,41.4426848150727,2.232038842544811
Cazoo Baskonia,Fernando Buesa Arena,42.86418354588555,-2.641617379517079,https://static.acb.com/img/www/clubes2022/CazooBaskonia-Logo-56.png,#C8102E,BKN,Cazoo Baskonia,Casademont Zaragoza,41.699492152676626,-0.8766544769103839
Cazoo Baskonia,Fernando Buesa Arena,42.86418354588555,-2.641617379517079,https://static.acb.com/img/www/clubes2022/CazooBaskonia-Logo-56.png,#C8102E,BKN,Cazoo Baskonia,Coviran Granada,37.15424932400022,-3.5936020041126646
Cazoo Baskonia,Fernando Buesa Arena,42.86418354588555,-2.641617379517079,https://static.acb.com/img/www/clubes2022/CazooBaskonia-Logo-56.png,#C8102E,BKN,Cazoo Baskonia,Surne Bilbao Basket,43.252351650418106,-2.9261184727627896
Cazoo Baskonia,Fernando Buesa Arena,42.86418354588555,-2.641617379517079,https://static.acb.com/img/www/clubes2022/CazooBaskonia-Logo-56.png,#C8102E,BKN,Cazoo Baskonia,BAXI Manresa,41.72553131948518,1.809883913714619
Cazoo Baskonia,Fernando Buesa Arena,42.86418354588555,-2.641617379517079,https://static.acb.com/img/www/clubes2022/CazooBaskonia-Logo-56.png,#C8102E,BKN,Cazoo Baskonia,Monbus Obradoiro,42.87640091313994,-8.530649001605413
Cazoo Baskonia,Fernando Buesa Arena,42.86418354588555,-2.641617379517079,https://static.acb.com/img/www/clubes2022/CazooBaskonia-Logo-56.png,#C8102E,BKN,Cazoo Baskonia,Río Breogán,42.99112162431948,-7.545301072767826
Cazoo Baskonia,Fernando Buesa Arena,42.86418354588555,-2.641617379517079,https://static.acb.com/img/www/clubes2022/CazooBaskonia-Logo-56.png,#C8102E,BKN,Cazoo Baskonia,Gran Canaria,28.10308200222156,-15.456896903683322
Cazoo Baskonia,Fernando Buesa Arena,42.86418354588555,-2.641617379517079,https://static.acb.com/img/www/clubes2022/CazooBaskonia-Logo-56.png,#C8102E,BKN,Cazoo Baskonia,Barça,41.3802205350011,2.1201211695310715
Real Betis Baloncesto,Palacio Municipal de Deportes San Pablo,37.396421763093244,-5.9648958606643605,https://static.acb.com/img/www/clubes2023/RealBetisBaloncestoLogoPos.png,#058E48,BET,Real Betis Baloncesto,Valencia Basket,39.45188248874301,-0.3660431016680829
Real Betis Baloncesto,Palacio Municipal de Deportes San Pablo,37.396421763093244,-5.9648958606643605,https://static.acb.com/img/www/clubes2023/RealBetisBaloncestoLogoPos.png,#058E48,BET,Real Betis Baloncesto,BAXI Manresa,41.72553131948518,1.809883913714619
Real Betis Baloncesto,Palacio Municipal de Deportes San Pablo,37.396421763093244,-5.9648958606643605,https://static.acb.com/img/www/clubes2023/RealBetisBaloncestoLogoPos.png,#058E48,BET,Real Betis Baloncesto,Bàsquet Girona,41.99106442107368,2.8105742658463644
Real Betis Baloncesto,Palacio Municipal de Deportes San Pablo,37.396421763093244,-5.9648958606643605,https://static.acb.com/img/www/clubes2023/RealBetisBaloncestoLogoPos.png,#058E48,BET,Real Betis Baloncesto,Casademont Zaragoza,41.699492152676626,-0.8766544769103839
Real Betis Baloncesto,Palacio Municipal de Deportes San Pablo,37.396421763093244,-5.9648958606643605,https://static.acb.com/img/www/clubes2023/RealBetisBaloncestoLogoPos.png,#058E48,BET,Real Betis Baloncesto,Real Madrid,40.4240337619823,-3.671751201650836
Real Betis Baloncesto,Palacio Municipal de Deportes San Pablo,37.396421763093244,-5.9648958606643605,https://static.acb.com/img/www/clubes2023/RealBetisBaloncestoLogoPos.png,#058E48,BET,Real Betis Baloncesto,Río Breogán,42.99112162431948,-7.545301072767826
Real Betis Baloncesto,Palacio Municipal de Deportes San Pablo,37.396421763093244,-5.9648958606643605,https://static.acb.com/img/www/clubes2023/RealBetisBaloncestoLogoPos.png,#058E48,BET,Real Betis Baloncesto,Gran Canaria,28.10308200222156,-15.456896903683322
Real Betis Baloncesto,Palacio Municipal de Deportes San Pablo,37.396421763093244,-5.9648958606643605,https://static.acb.com/img/www/clubes2023/RealBetisBaloncestoLogoPos.png,#058E48,BET,Real Betis Baloncesto,Monbus Obradoiro,42.87640091313994,-8.530649001605413
Real Betis Baloncesto,Palacio Municipal de Deportes San Pablo,37.396421763093244,-5.9648958606643605,https://static.acb.com/img/www/clubes2023/RealBetisBaloncestoLogoPos.png,#058E48,BET,Real Betis Baloncesto,UCAM Murcia,37.99401913800324,-1.1126044975056224
Real Betis Baloncesto,Palacio Municipal de Deportes San Pablo,37.396421763093244,-5.9648958606643605,https://static.acb.com/img/www/clubes2023/RealBetisBaloncestoLogoPos.png,#058E48,BET,Real Betis Baloncesto,Joventut Badalona,41.4426848150727,2.232038842544811
Real Betis Baloncesto,Palacio Municipal de Deportes San Pablo,37.396421763093244,-5.9648958606643605,https://static.acb.com/img/www/clubes2023/RealBetisBaloncestoLogoPos.png,#058E48,BET,Real Betis Baloncesto,Cazoo Baskonia,42.86418354588555,-2.641617379517079
Real Betis Baloncesto,Palacio Municipal de Deportes San Pablo,37.396421763093244,-5.9648958606643605,https://static.acb.com/img/www/clubes2023/RealBetisBaloncestoLogoPos.png,#058E48,BET,Real Betis Baloncesto,Unicaja,36.68279217722466,-4.460469972879309
Real Betis Baloncesto,Palacio Municipal de Deportes San Pablo,37.396421763093244,-5.9648958606643605,https://static.acb.com/img/www/clubes2023/RealBetisBaloncestoLogoPos.png,#058E48,BET,Real Betis Baloncesto,Lenovo Tenerife,28.45934431808708,-16.296844528818482
Real Betis Baloncesto,Palacio Municipal de Deportes San Pablo,37.396421763093244,-5.9648958606643605,https://static.acb.com/img/www/clubes2023/RealBetisBaloncestoLogoPos.png,#058E48,BET,Real Betis Baloncesto,Carplus Fuenlabrada,40.28271366483084,-3.800509143982543
Real Betis Baloncesto,Palacio Municipal de Deportes San Pablo,37.396421763093244,-5.9648958606643605,https://static.acb.com/img/www/clubes2023/RealBetisBaloncestoLogoPos.png,#058E48,BET,Real Betis Baloncesto,Barça,41.3802205350011,2.1201211695310715
Real Betis Baloncesto,Palacio Municipal de Deportes San Pablo,37.396421763093244,-5.9648958606643605,https://static.acb.com/img/www/clubes2023/RealBetisBaloncestoLogoPos.png,#058E48,BET,Real Betis Baloncesto,Surne Bilbao Basket,43.252351650418106,-2.9261184727627896
Real Betis Baloncesto,Palacio Municipal de Deportes San Pablo,37.396421763093244,-5.9648958606643605,https://static.acb.com/img/www/clubes2023/RealBetisBaloncestoLogoPos.png,#058E48,BET,Real Betis Baloncesto,Coviran Granada,37.15424932400022,-3.5936020041126646
BAXI Manresa,Pavelló Nou Congost,41.72553131948518,1.809883913714619,https://static.acb.com/img/31/9/2f/75632.png,#D5001E,BAX,BAXI Manresa,Lenovo Tenerife,28.45934431808708,-16.296844528818482
BAXI Manresa,Pavelló Nou Congost,41.72553131948518,1.809883913714619,https://static.acb.com/img/31/9/2f/75632.png,#D5001E,BAX,BAXI Manresa,Barça,41.3802205350011,2.1201211695310715
BAXI Manresa,Pavelló Nou Congost,41.72553131948518,1.809883913714619,https://static.acb.com/img/31/9/2f/75632.png,#D5001E,BAX,BAXI Manresa,Río Breogán,42.99112162431948,-7.545301072767826
BAXI Manresa,Pavelló Nou Congost,41.72553131948518,1.809883913714619,https://static.acb.com/img/31/9/2f/75632.png,#D5001E,BAX,BAXI Manresa,Cazoo Baskonia,42.86418354588555,-2.641617379517079
BAXI Manresa,Pavelló Nou Congost,41.72553131948518,1.809883913714619,https://static.acb.com/img/31/9/2f/75632.png,#D5001E,BAX,BAXI Manresa,Joventut Badalona,41.4426848150727,2.232038842544811
BAXI Manresa,Pavelló Nou Congost,41.72553131948518,1.809883913714619,https://static.acb.com/img/31/9/2f/75632.png,#D5001E,BAX,BAXI Manresa,Surne Bilbao Basket,43.252351650418106,-2.9261184727627896
BAXI Manresa,Pavelló Nou Congost,41.72553131948518,1.809883913714619,https://static.acb.com/img/31/9/2f/75632.png,#D5001E,BAX,BAXI Manresa,Bàsquet Girona,41.99106442107368,2.8105742658463644
BAXI Manresa,Pavelló Nou Congost,41.72553131948518,1.809883913714619,https://static.acb.com/img/31/9/2f/75632.png,#D5001E,BAX,BAXI Manresa,Casademont Zaragoza,41.699492152676626,-0.8766544769103839
BAXI Manresa,Pavelló Nou Congost,41.72553131948518,1.809883913714619,https://static.acb.com/img/31/9/2f/75632.png,#D5001E,BAX,BAXI Manresa,Unicaja,36.68279217722466,-4.460469972879309
BAXI Manresa,Pavelló Nou Congost,41.72553131948518,1.809883913714619,https://static.acb.com/img/31/9/2f/75632.png,#D5001E,BAX,BAXI Manresa,Real Madrid,40.4240337619823,-3.671751201650836
BAXI Manresa,Pavelló Nou Congost,41.72553131948518,1.809883913714619,https://static.acb.com/img/31/9/2f/75632.png,#D5001E,BAX,BAXI Manresa,Carplus Fuenlabrada,40.28271366483084,-3.800509143982543
BAXI Manresa,Pavelló Nou Congost,41.72553131948518,1.809883913714619,https://static.acb.com/img/31/9/2f/75632.png,#D5001E,BAX,BAXI Manresa,Real Betis Baloncesto,37.396421763093244,-5.9648958606643605
BAXI Manresa,Pavelló Nou Congost,41.72553131948518,1.809883913714619,https://static.acb.com/img/31/9/2f/75632.png,#D5001E,BAX,BAXI Manresa,Monbus Obradoiro,42.87640091313994,-8.530649001605413
BAXI Manresa,Pavelló Nou Congost,41.72553131948518,1.809883913714619,https://static.acb.com/img/31/9/2f/75632.png,#D5001E,BAX,BAXI Manresa,Coviran Granada,37.15424932400022,-3.5936020041126646
BAXI Manresa,Pavelló Nou Congost,41.72553131948518,1.809883913714619,https://static.acb.com/img/31/9/2f/75632.png,#D5001E,BAX,BAXI Manresa,UCAM Murcia,37.99401913800324,-1.1126044975056224
BAXI Manresa,Pavelló Nou Congost,41.72553131948518,1.809883913714619,https://static.acb.com/img/31/9/2f/75632.png,#D5001E,BAX,BAXI Manresa,Valencia Basket,39.45188248874301,-0.3660431016680829
BAXI Manresa,Pavelló Nou Congost,41.72553131948518,1.809883913714619,https://static.acb.com/img/31/9/2f/75632.png,#D5001E,BAX,BAXI Manresa,Gran Canaria,28.10308200222156,-15.456896903683322
UCAM Murcia,Palacio de Deportes de Murcia,37.99401913800324,-1.1126044975056224,https://static.acb.com/img/14/31/34/75635.png,#A51A14,UCM,UCAM Murcia,Río Breogán,42.99112162431948,-7.545301072767826
UCAM Murcia,Palacio de Deportes de Murcia,37.99401913800324,-1.1126044975056224,https://static.acb.com/img/14/31/34/75635.png,#A51A14,UCM,UCAM Murcia,Coviran Granada,37.15424932400022,-3.5936020041126646
UCAM Murcia,Palacio de Deportes de Murcia,37.99401913800324,-1.1126044975056224,https://static.acb.com/img/14/31/34/75635.png,#A51A14,UCM,UCAM Murcia,BAXI Manresa,41.72553131948518,1.809883913714619
UCAM Murcia,Palacio de Deportes de Murcia,37.99401913800324,-1.1126044975056224,https://static.acb.com/img/14/31/34/75635.png,#A51A14,UCM,UCAM Murcia,Joventut Badalona,41.4426848150727,2.232038842544811
UCAM Murcia,Palacio de Deportes de Murcia,37.99401913800324,-1.1126044975056224,https://static.acb.com/img/14/31/34/75635.png,#A51A14,UCM,UCAM Murcia,Monbus Obradoiro,42.87640091313994,-8.530649001605413
UCAM Murcia,Palacio de Deportes de Murcia,37.99401913800324,-1.1126044975056224,https://static.acb.com/img/14/31/34/75635.png,#A51A14,UCM,UCAM Murcia,Real Betis Baloncesto,37.396421763093244,-5.9648958606643605
UCAM Murcia,Palacio de Deportes de Murcia,37.99401913800324,-1.1126044975056224,https://static.acb.com/img/14/31/34/75635.png,#A51A14,UCM,UCAM Murcia,Gran Canaria,28.10308200222156,-15.456896903683322
UCAM Murcia,Palacio de Deportes de Murcia,37.99401913800324,-1.1126044975056224,https://static.acb.com/img/14/31/34/75635.png,#A51A14,UCM,UCAM Murcia,Lenovo Tenerife,28.45934431808708,-16.296844528818482
UCAM Murcia,Palacio de Deportes de Murcia,37.99401913800324,-1.1126044975056224,https://static.acb.com/img/14/31/34/75635.png,#A51A14,UCM,UCAM Murcia,Barça,41.3802205350011,2.1201211695310715
UCAM Murcia,Palacio de Deportes de Murcia,37.99401913800324,-1.1126044975056224,https://static.acb.com/img/14/31/34/75635.png,#A51A14,UCM,UCAM Murcia,Cazoo Baskonia,42.86418354588555,-2.641617379517079
UCAM Murcia,Palacio de Deportes de Murcia,37.99401913800324,-1.1126044975056224,https://static.acb.com/img/14/31/34/75635.png,#A51A14,UCM,UCAM Murcia,Real Madrid,40.4240337619823,-3.671751201650836
UCAM Murcia,Palacio de Deportes de Murcia,37.99401913800324,-1.1126044975056224,https://static.acb.com/img/14/31/34/75635.png,#A51A14,UCM,UCAM Murcia,Unicaja,36.68279217722466,-4.460469972879309
UCAM Murcia,Palacio de Deportes de Murcia,37.99401913800324,-1.1126044975056224,https://static.acb.com/img/14/31/34/75635.png,#A51A14,UCM,UCAM Murcia,Bàsquet Girona,41.99106442107368,2.8105742658463644
UCAM Murcia,Palacio de Deportes de Murcia,37.99401913800324,-1.1126044975056224,https://static.acb.com/img/14/31/34/75635.png,#A51A14,UCM,UCAM Murcia,Casademont Zaragoza,41.699492152676626,-0.8766544769103839
UCAM Murcia,Palacio de Deportes de Murcia,37.99401913800324,-1.1126044975056224,https://static.acb.com/img/14/31/34/75635.png,#A51A14,UCM,UCAM Murcia,Valencia Basket,39.45188248874301,-0.3660431016680829
UCAM Murcia,Palacio de Deportes de Murcia,37.99401913800324,-1.1126044975056224,https://static.acb.com/img/14/31/34/75635.png,#A51A14,UCM,UCAM Murcia,Carplus Fuenlabrada,40.28271366483084,-3.800509143982543
UCAM Murcia,Palacio de Deportes de Murcia,37.99401913800324,-1.1126044975056224,https://static.acb.com/img/14/31/34/75635.png,#A51A14,UCM,UCAM Murcia,Surne Bilbao Basket,43.252351650418106,-2.9261184727627896
Carplus Fuenlabrada,Pabellón Fernando Martín,40.28271366483084,-3.800509143982543,https://static.acb.com/img/www/clubes2023/CarplusFuenlabrada-Logo-56.png,#0085CA,FUE,Carplus Fuenlabrada,Coviran Granada,37.15424932400022,-3.5936020041126646
Carplus Fuenlabrada,Pabellón Fernando Martín,40.28271366483084,-3.800509143982543,https://static.acb.com/img/www/clubes2023/CarplusFuenlabrada-Logo-56.png,#0085CA,FUE,Carplus Fuenlabrada,Barça,41.3802205350011,2.1201211695310715
Carplus Fuenlabrada,Pabellón Fernando Martín,40.28271366483084,-3.800509143982543,https://static.acb.com/img/www/clubes2023/CarplusFuenlabrada-Logo-56.png,#0085CA,FUE,Carplus Fuenlabrada,Real Betis Baloncesto,37.396421763093244,-5.9648958606643605
Carplus Fuenlabrada,Pabellón Fernando Martín,40.28271366483084,-3.800509143982543,https://static.acb.com/img/www/clubes2023/CarplusFuenlabrada-Logo-56.png,#0085CA,FUE,Carplus Fuenlabrada,BAXI Manresa,41.72553131948518,1.809883913714619
Carplus Fuenlabrada,Pabellón Fernando Martín,40.28271366483084,-3.800509143982543,https://static.acb.com/img/www/clubes2023/CarplusFuenlabrada-Logo-56.png,#0085CA,FUE,Carplus Fuenlabrada,Joventut Badalona,41.4426848150727,2.232038842544811
Carplus Fuenlabrada,Pabellón Fernando Martín,40.28271366483084,-3.800509143982543,https://static.acb.com/img/www/clubes2023/CarplusFuenlabrada-Logo-56.png,#0085CA,FUE,Carplus Fuenlabrada,Unicaja,36.68279217722466,-4.460469972879309
Carplus Fuenlabrada,Pabellón Fernando Martín,40.28271366483084,-3.800509143982543,https://static.acb.com/img/www/clubes2023/CarplusFuenlabrada-Logo-56.png,#0085CA,FUE,Carplus Fuenlabrada,Monbus Obradoiro,42.87640091313994,-8.530649001605413
Carplus Fuenlabrada,Pabellón Fernando Martín,40.28271366483084,-3.800509143982543,https://static.acb.com/img/www/clubes2023/CarplusFuenlabrada-Logo-56.png,#0085CA,FUE,Carplus Fuenlabrada,Bàsquet Girona,41.99106442107368,2.8105742658463644
Carplus Fuenlabrada,Pabellón Fernando Martín,40.28271366483084,-3.800509143982543,https://static.acb.com/img/www/clubes2023/CarplusFuenlabrada-Logo-56.png,#0085CA,FUE,Carplus Fuenlabrada,UCAM Murcia,37.99401913800324,-1.1126044975056224
Carplus Fuenlabrada,Pabellón Fernando Martín,40.28271366483084,-3.800509143982543,https://static.acb.com/img/www/clubes2023/CarplusFuenlabrada-Logo-56.png,#0085CA,FUE,Carplus Fuenlabrada,Lenovo Tenerife,28.45934431808708,-16.296844528818482
Carplus Fuenlabrada,Pabellón Fernando Martín,40.28271366483084,-3.800509143982543,https://static.acb.com/img/www/clubes2023/CarplusFuenlabrada-Logo-56.png,#0085CA,FUE,Carplus Fuenlabrada,Casademont Zaragoza,41.699492152676626,-0.8766544769103839
Carplus Fuenlabrada,Pabellón Fernando Martín,40.28271366483084,-3.800509143982543,https://static.acb.com/img/www/clubes2023/CarplusFuenlabrada-Logo-56.png,#0085CA,FUE,Carplus Fuenlabrada,Río Breogán,42.99112162431948,-7.545301072767826
Carplus Fuenlabrada,Pabellón Fernando Martín,40.28271366483084,-3.800509143982543,https://static.acb.com/img/www/clubes2023/CarplusFuenlabrada-Logo-56.png,#0085CA,FUE,Carplus Fuenlabrada,Real Madrid,40.4240337619823,-3.671751201650836
Carplus Fuenlabrada,Pabellón Fernando Martín,40.28271366483084,-3.800509143982543,https://static.acb.com/img/www/clubes2023/CarplusFuenlabrada-Logo-56.png,#0085CA,FUE,Carplus Fuenlabrada,Surne Bilbao Basket,43.252351650418106,-2.9261184727627896
Carplus Fuenlabrada,Pabellón Fernando Martín,40.28271366483084,-3.800509143982543,https://static.acb.com/img/www/clubes2023/CarplusFuenlabrada-Logo-56.png,#0085CA,FUE,Carplus Fuenlabrada,Cazoo Baskonia,42.86418354588555,-2.641617379517079
Carplus Fuenlabrada,Pabellón Fernando Martín,40.28271366483084,-3.800509143982543,https://static.acb.com/img/www/clubes2023/CarplusFuenlabrada-Logo-56.png,#0085CA,FUE,Carplus Fuenlabrada,Gran Canaria,28.10308200222156,-15.456896903683322
Carplus Fuenlabrada,Pabellón Fernando Martín,40.28271366483084,-3.800509143982543,https://static.acb.com/img/www/clubes2023/CarplusFuenlabrada-Logo-56.png,#0085CA,FUE,Carplus Fuenlabrada,Valencia Basket,39.45188248874301,-0.3660431016680829
Monbus Obradoiro,Multiusos Fontes do Sar,42.87640091313994,-8.530649001605413,https://static.acb.com/img/www/clubes2023/MonbusObradoiro_Positivo.png,#4A96C4,MOB,Monbus Obradoiro,Casademont Zaragoza,41.699492152676626,-0.8766544769103839
Monbus Obradoiro,Multiusos Fontes do Sar,42.87640091313994,-8.530649001605413,https://static.acb.com/img/www/clubes2023/MonbusObradoiro_Positivo.png,#4A96C4,MOB,Monbus Obradoiro,Bàsquet Girona,41.99106442107368,2.8105742658463644
Monbus Obradoiro,Multiusos Fontes do Sar,42.87640091313994,-8.530649001605413,https://static.acb.com/img/www/clubes2023/MonbusObradoiro_Positivo.png,#4A96C4,MOB,Monbus Obradoiro,Valencia Basket,39.45188248874301,-0.3660431016680829
Monbus Obradoiro,Multiusos Fontes do Sar,42.87640091313994,-8.530649001605413,https://static.acb.com/img/www/clubes2023/MonbusObradoiro_Positivo.png,#4A96C4,MOB,Monbus Obradoiro,Gran Canaria,28.10308200222156,-15.456896903683322
Monbus Obradoiro,Multiusos Fontes do Sar,42.87640091313994,-8.530649001605413,https://static.acb.com/img/www/clubes2023/MonbusObradoiro_Positivo.png,#4A96C4,MOB,Monbus Obradoiro,Unicaja,36.68279217722466,-4.460469972879309
Monbus Obradoiro,Multiusos Fontes do Sar,42.87640091313994,-8.530649001605413,https://static.acb.com/img/www/clubes2023/MonbusObradoiro_Positivo.png,#4A96C4,MOB,Monbus Obradoiro,Barça,41.3802205350011,2.1201211695310715
Monbus Obradoiro,Multiusos Fontes do Sar,42.87640091313994,-8.530649001605413,https://static.acb.com/img/www/clubes2023/MonbusObradoiro_Positivo.png,#4A96C4,MOB,Monbus Obradoiro,Joventut Badalona,41.4426848150727,2.232038842544811
Monbus Obradoiro,Multiusos Fontes do Sar,42.87640091313994,-8.530649001605413,https://static.acb.com/img/www/clubes2023/MonbusObradoiro_Positivo.png,#4A96C4,MOB,Monbus Obradoiro,BAXI Manresa,41.72553131948518,1.809883913714619
Monbus Obradoiro,Multiusos Fontes do Sar,42.87640091313994,-8.530649001605413,https://static.acb.com/img/www/clubes2023/MonbusObradoiro_Positivo.png,#4A96C4,MOB,Monbus Obradoiro,Cazoo Baskonia,42.86418354588555,-2.641617379517079
Monbus Obradoiro,Multiusos Fontes do Sar,42.87640091313994,-8.530649001605413,https://static.acb.com/img/www/clubes2023/MonbusObradoiro_Positivo.png,#4A96C4,MOB,Monbus Obradoiro,Surne Bilbao Basket,43.252351650418106,-2.9261184727627896
Monbus Obradoiro,Multiusos Fontes do Sar,42.87640091313994,-8.530649001605413,https://static.acb.com/img/www/clubes2023/MonbusObradoiro_Positivo.png,#4A96C4,MOB,Monbus Obradoiro,Real Madrid,40.4240337619823,-3.671751201650836
Monbus Obradoiro,Multiusos Fontes do Sar,42.87640091313994,-8.530649001605413,https://static.acb.com/img/www/clubes2023/MonbusObradoiro_Positivo.png,#4A96C4,MOB,Monbus Obradoiro,Lenovo Tenerife,28.45934431808708,-16.296844528818482
Monbus Obradoiro,Multiusos Fontes do Sar,42.87640091313994,-8.530649001605413,https://static.acb.com/img/www/clubes2023/MonbusObradoiro_Positivo.png,#4A96C4,MOB,Monbus Obradoiro,Río Breogán,42.99112162431948,-7.545301072767826
Monbus Obradoiro,Multiusos Fontes do Sar,42.87640091313994,-8.530649001605413,https://static.acb.com/img/www/clubes2023/MonbusObradoiro_Positivo.png,#4A96C4,MOB,Monbus Obradoiro,UCAM Murcia,37.99401913800324,-1.1126044975056224
Monbus Obradoiro,Multiusos Fontes do Sar,42.87640091313994,-8.530649001605413,https://static.acb.com/img/www/clubes2023/MonbusObradoiro_Positivo.png,#4A96C4,MOB,Monbus Obradoiro,Real Betis Baloncesto,37.396421763093244,-5.9648958606643605
Monbus Obradoiro,Multiusos Fontes do Sar,42.87640091313994,-8.530649001605413,https://static.acb.com/img/www/clubes2023/MonbusObradoiro_Positivo.png,#4A96C4,MOB,Monbus Obradoiro,Coviran Granada,37.15424932400022,-3.5936020041126646
Monbus Obradoiro,Multiusos Fontes do Sar,42.87640091313994,-8.530649001605413,https://static.acb.com/img/www/clubes2023/MonbusObradoiro_Positivo.png,#4A96C4,MOB,Monbus Obradoiro,Carplus Fuenlabrada,40.28271366483084,-3.800509143982543
Bàsquet Girona,Palau Girona-Fontajau,41.99106442107368,2.8105742658463644,https://static.acb.com/img/www/clubes2023/BASQUET-GIRONA-Logopositivo2223.png,#B32836,GIR,Bàsquet Girona,Real Madrid,40.4240337619823,-3.671751201650836
Bàsquet Girona,Palau Girona-Fontajau,41.99106442107368,2.8105742658463644,https://static.acb.com/img/www/clubes2023/BASQUET-GIRONA-Logopositivo2223.png,#B32836,GIR,Bàsquet Girona,Unicaja,36.68279217722466,-4.460469972879309
Bàsquet Girona,Palau Girona-Fontajau,41.99106442107368,2.8105742658463644,https://static.acb.com/img/www/clubes2023/BASQUET-GIRONA-Logopositivo2223.png,#B32836,GIR,Bàsquet Girona,UCAM Murcia,37.99401913800324,-1.1126044975056224
Bàsquet Girona,Palau Girona-Fontajau,41.99106442107368,2.8105742658463644,https://static.acb.com/img/www/clubes2023/BASQUET-GIRONA-Logopositivo2223.png,#B32836,GIR,Bàsquet Girona,Gran Canaria,28.10308200222156,-15.456896903683322
Bàsquet Girona,Palau Girona-Fontajau,41.99106442107368,2.8105742658463644,https://static.acb.com/img/www/clubes2023/BASQUET-GIRONA-Logopositivo2223.png,#B32836,GIR,Bàsquet Girona,Río Breogán,42.99112162431948,-7.545301072767826
Bàsquet Girona,Palau Girona-Fontajau,41.99106442107368,2.8105742658463644,https://static.acb.com/img/www/clubes2023/BASQUET-GIRONA-Logopositivo2223.png,#B32836,GIR,Bàsquet Girona,Casademont Zaragoza,41.699492152676626,-0.8766544769103839
Bàsquet Girona,Palau Girona-Fontajau,41.99106442107368,2.8105742658463644,https://static.acb.com/img/www/clubes2023/BASQUET-GIRONA-Logopositivo2223.png,#B32836,GIR,Bàsquet Girona,Joventut Badalona,41.4426848150727,2.232038842544811
Bàsquet Girona,Palau Girona-Fontajau,41.99106442107368,2.8105742658463644,https://static.acb.com/img/www/clubes2023/BASQUET-GIRONA-Logopositivo2223.png,#B32836,GIR,Bàsquet Girona,Surne Bilbao Basket,43.252351650418106,-2.9261184727627896
Bàsquet Girona,Palau Girona-Fontajau,41.99106442107368,2.8105742658463644,https://static.acb.com/img/www/clubes2023/BASQUET-GIRONA-Logopositivo2223.png,#B32836,GIR,Bàsquet Girona,Barça,41.3802205350011,2.1201211695310715
Bàsquet Girona,Palau Girona-Fontajau,41.99106442107368,2.8105742658463644,https://static.acb.com/img/www/clubes2023/BASQUET-GIRONA-Logopositivo2223.png,#B32836,GIR,Bàsquet Girona,Monbus Obradoiro,42.87640091313994,-8.530649001605413
Bàsquet Girona,Palau Girona-Fontajau,41.99106442107368,2.8105742658463644,https://static.acb.com/img/www/clubes2023/BASQUET-GIRONA-Logopositivo2223.png,#B32836,GIR,Bàsquet Girona,Valencia Basket,39.45188248874301,-0.3660431016680829
Bàsquet Girona,Palau Girona-Fontajau,41.99106442107368,2.8105742658463644,https://static.acb.com/img/www/clubes2023/BASQUET-GIRONA-Logopositivo2223.png,#B32836,GIR,Bàsquet Girona,BAXI Manresa,41.72553131948518,1.809883913714619
Bàsquet Girona,Palau Girona-Fontajau,41.99106442107368,2.8105742658463644,https://static.acb.com/img/www/clubes2023/BASQUET-GIRONA-Logopositivo2223.png,#B32836,GIR,Bàsquet Girona,Carplus Fuenlabrada,40.28271366483084,-3.800509143982543
Bàsquet Girona,Palau Girona-Fontajau,41.99106442107368,2.8105742658463644,https://static.acb.com/img/www/clubes2023/BASQUET-GIRONA-Logopositivo2223.png,#B32836,GIR,Bàsquet Girona,Coviran Granada,37.15424932400022,-3.5936020041126646
Bàsquet Girona,Palau Girona-Fontajau,41.99106442107368,2.8105742658463644,https://static.acb.com/img/www/clubes2023/BASQUET-GIRONA-Logopositivo2223.png,#B32836,GIR,Bàsquet Girona,Lenovo Tenerife,28.45934431808708,-16.296844528818482
Bàsquet Girona,Palau Girona-Fontajau,41.99106442107368,2.8105742658463644,https://static.acb.com/img/www/clubes2023/BASQUET-GIRONA-Logopositivo2223.png,#B32836,GIR,Bàsquet Girona,Real Betis Baloncesto,37.396421763093244,-5.9648958606643605
Bàsquet Girona,Palau Girona-Fontajau,41.99106442107368,2.8105742658463644,https://static.acb.com/img/www/clubes2023/BASQUET-GIRONA-Logopositivo2223.png,#B32836,GIR,Bàsquet Girona,Cazoo Baskonia,42.86418354588555,-2.641617379517079
Barça,Palau Blaugrana,41.3802205350011,2.1201211695310715,https://static.acb.com/img/www/clubes2023/barca_logopos.png,#154284,BAR,Barça,Cazoo Baskonia,42.86418354588555,-2.641617379517079
Barça,Palau Blaugrana,41.3802205350011,2.1201211695310715,https://static.acb.com/img/www/clubes2023/barca_logopos.png,#154284,BAR,Barça,Lenovo Tenerife,28.45934431808708,-16.296844528818482
Barça,Palau Blaugrana,41.3802205350011,2.1201211695310715,https://static.acb.com/img/www/clubes2023/barca_logopos.png,#154284,BAR,Barça,Bàsquet Girona,41.99106442107368,2.8105742658463644
Barça,Palau Blaugrana,41.3802205350011,2.1201211695310715,https://static.acb.com/img/www/clubes2023/barca_logopos.png,#154284,BAR,Barça,Coviran Granada,37.15424932400022,-3.5936020041126646
Barça,Palau Blaugrana,41.3802205350011,2.1201211695310715,https://static.acb.com/img/www/clubes2023/barca_logopos.png,#154284,BAR,Barça,Unicaja,36.68279217722466,-4.460469972879309
Barça,Palau Blaugrana,41.3802205350011,2.1201211695310715,https://static.acb.com/img/www/clubes2023/barca_logopos.png,#154284,BAR,Barça,Casademont Zaragoza,41.699492152676626,-0.8766544769103839
Barça,Palau Blaugrana,41.3802205350011,2.1201211695310715,https://static.acb.com/img/www/clubes2023/barca_logopos.png,#154284,BAR,Barça,Real Betis Baloncesto,37.396421763093244,-5.9648958606643605
Barça,Palau Blaugrana,41.3802205350011,2.1201211695310715,https://static.acb.com/img/www/clubes2023/barca_logopos.png,#154284,BAR,Barça,Surne Bilbao Basket,43.252351650418106,-2.9261184727627896
Barça,Palau Blaugrana,41.3802205350011,2.1201211695310715,https://static.acb.com/img/www/clubes2023/barca_logopos.png,#154284,BAR,Barça,Valencia Basket,39.45188248874301,-0.3660431016680829
Barça,Palau Blaugrana,41.3802205350011,2.1201211695310715,https://static.acb.com/img/www/clubes2023/barca_logopos.png,#154284,BAR,Barça,Río Breogán,42.99112162431948,-7.545301072767826
Barça,Palau Blaugrana,41.3802205350011,2.1201211695310715,https://static.acb.com/img/www/clubes2023/barca_logopos.png,#154284,BAR,Barça,BAXI Manresa,41.72553131948518,1.809883913714619
Barça,Palau Blaugrana,41.3802205350011,2.1201211695310715,https://static.acb.com/img/www/clubes2023/barca_logopos.png,#154284,BAR,Barça,Joventut Badalona,41.4426848150727,2.232038842544811
Barça,Palau Blaugrana,41.3802205350011,2.1201211695310715,https://static.acb.com/img/www/clubes2023/barca_logopos.png,#154284,BAR,Barça,Real Madrid,40.4240337619823,-3.671751201650836
Barça,Palau Blaugrana,41.3802205350011,2.1201211695310715,https://static.acb.com/img/www/clubes2023/barca_logopos.png,#154284,BAR,Barça,Gran Canaria,28.10308200222156,-15.456896903683322
Barça,Palau Blaugrana,41.3802205350011,2.1201211695310715,https://static.acb.com/img/www/clubes2023/barca_logopos.png,#154284,BAR,Barça,Carplus Fuenlabrada,40.28271366483084,-3.800509143982543
Barça,Palau Blaugrana,41.3802205350011,2.1201211695310715,https://static.acb.com/img/www/clubes2023/barca_logopos.png,#154284,BAR,Barça,Monbus Obradoiro,42.87640091313994,-8.530649001605413
Barça,Palau Blaugrana,41.3802205350011,2.1201211695310715,https://static.acb.com/img/www/clubes2023/barca_logopos.png,#154284,BAR,Barça,UCAM Murcia,37.99401913800324,-1.1126044975056224
Valencia Basket,Pabellón Fuente de San Luis,39.45188248874301,-0.3660431016680829,https://static.acb.com/img/23/2/25/1654748673.png,#FC6C0F,VBC,Valencia Basket,Joventut Badalona,41.4426848150727,2.232038842544811
Valencia Basket,Pabellón Fuente de San Luis,39.45188248874301,-0.3660431016680829,https://static.acb.com/img/23/2/25/1654748673.png,#FC6C0F,VBC,Valencia Basket,UCAM Murcia,37.99401913800324,-1.1126044975056224
Valencia Basket,Pabellón Fuente de San Luis,39.45188248874301,-0.3660431016680829,https://static.acb.com/img/23/2/25/1654748673.png,#FC6C0F,VBC,Valencia Basket,Barça,41.3802205350011,2.1201211695310715
Valencia Basket,Pabellón Fuente de San Luis,39.45188248874301,-0.3660431016680829,https://static.acb.com/img/23/2/25/1654748673.png,#FC6C0F,VBC,Valencia Basket,Unicaja,36.68279217722466,-4.460469972879309
Valencia Basket,Pabellón Fuente de San Luis,39.45188248874301,-0.3660431016680829,https://static.acb.com/img/23/2/25/1654748673.png,#FC6C0F,VBC,Valencia Basket,Bàsquet Girona,41.99106442107368,2.8105742658463644
Valencia Basket,Pabellón Fuente de San Luis,39.45188248874301,-0.3660431016680829,https://static.acb.com/img/23/2/25/1654748673.png,#FC6C0F,VBC,Valencia Basket,Carplus Fuenlabrada,40.28271366483084,-3.800509143982543
Valencia Basket,Pabellón Fuente de San Luis,39.45188248874301,-0.3660431016680829,https://static.acb.com/img/23/2/25/1654748673.png,#FC6C0F,VBC,Valencia Basket,BAXI Manresa,41.72553131948518,1.809883913714619
Valencia Basket,Pabellón Fuente de San Luis,39.45188248874301,-0.3660431016680829,https://static.acb.com/img/23/2/25/1654748673.png,#FC6C0F,VBC,Valencia Basket,Casademont Zaragoza,41.699492152676626,-0.8766544769103839
Valencia Basket,Pabellón Fuente de San Luis,39.45188248874301,-0.3660431016680829,https://static.acb.com/img/23/2/25/1654748673.png,#FC6C0F,VBC,Valencia Basket,Gran Canaria,28.10308200222156,-15.456896903683322
Valencia Basket,Pabellón Fuente de San Luis,39.45188248874301,-0.3660431016680829,https://static.acb.com/img/23/2/25/1654748673.png,#FC6C0F,VBC,Valencia Basket,Lenovo Tenerife,28.45934431808708,-16.296844528818482
Valencia Basket,Pabellón Fuente de San Luis,39.45188248874301,-0.3660431016680829,https://static.acb.com/img/23/2/25/1654748673.png,#FC6C0F,VBC,Valencia Basket,Coviran Granada,37.15424932400022,-3.5936020041126646
Valencia Basket,Pabellón Fuente de San Luis,39.45188248874301,-0.3660431016680829,https://static.acb.com/img/23/2/25/1654748673.png,#FC6C0F,VBC,Valencia Basket,Cazoo Baskonia,42.86418354588555,-2.641617379517079
Valencia Basket,Pabellón Fuente de San Luis,39.45188248874301,-0.3660431016680829,https://static.acb.com/img/23/2/25/1654748673.png,#FC6C0F,VBC,Valencia Basket,Real Betis Baloncesto,37.396421763093244,-5.9648958606643605
Valencia Basket,Pabellón Fuente de San Luis,39.45188248874301,-0.3660431016680829,https://static.acb.com/img/23/2/25/1654748673.png,#FC6C0F,VBC,Valencia Basket,Surne Bilbao Basket,43.252351650418106,-2.9261184727627896
Valencia Basket,Pabellón Fuente de San Luis,39.45188248874301,-0.3660431016680829,https://static.acb.com/img/23/2/25/1654748673.png,#FC6C0F,VBC,Valencia Basket,Monbus Obradoiro,42.87640091313994,-8.530649001605413
Valencia Basket,Pabellón Fuente de San Luis,39.45188248874301,-0.3660431016680829,https://static.acb.com/img/23/2/25/1654748673.png,#FC6C0F,VBC,Valencia Basket,Real Madrid,40.4240337619823,-3.671751201650836
Valencia Basket,Pabellón Fuente de San Luis,39.45188248874301,-0.3660431016680829,https://static.acb.com/img/23/2/25/1654748673.png,#FC6C0F,VBC,Valencia Basket,Río Breogán,42.99112162431948,-7.545301072767826
Unicaja,Palacio de Deportes José María Martín Carpena,36.68279217722466,-4.460469972879309,https://static.acb.com/img/www/clubes2022/Logoescudo_unicaja2.png,#3D9C35,UNI,Unicaja,Gran Canaria,28.10308200222156,-15.456896903683322
Unicaja,Palacio de Deportes José María Martín Carpena,36.68279217722466,-4.460469972879309,https://static.acb.com/img/www/clubes2022/Logoescudo_unicaja2.png,#3D9C35,UNI,Unicaja,Real Madrid,40.4240337619823,-3.671751201650836
Unicaja,Palacio de Deportes José María Martín Carpena,36.68279217722466,-4.460469972879309,https://static.acb.com/img/www/clubes2022/Logoescudo_unicaja2.png,#3D9C35,UNI,Unicaja,Real Betis Baloncesto,37.396421763093244,-5.9648958606643605
Unicaja,Palacio de Deportes José María Martín Carpena,36.68279217722466,-4.460469972879309,https://static.acb.com/img/www/clubes2022/Logoescudo_unicaja2.png,#3D9C35,UNI,Unicaja,Coviran Granada,37.15424932400022,-3.5936020041126646
Unicaja,Palacio de Deportes José María Martín Carpena,36.68279217722466,-4.460469972879309,https://static.acb.com/img/www/clubes2022/Logoescudo_unicaja2.png,#3D9C35,UNI,Unicaja,Casademont Zaragoza,41.699492152676626,-0.8766544769103839
Unicaja,Palacio de Deportes José María Martín Carpena,36.68279217722466,-4.460469972879309,https://static.acb.com/img/www/clubes2022/Logoescudo_unicaja2.png,#3D9C35,UNI,Unicaja,UCAM Murcia,37.99401913800324,-1.1126044975056224
Unicaja,Palacio de Deportes José María Martín Carpena,36.68279217722466,-4.460469972879309,https://static.acb.com/img/www/clubes2022/Logoescudo_unicaja2.png,#3D9C35,UNI,Unicaja,Surne Bilbao Basket,43.252351650418106,-2.9261184727627896
Unicaja,Palacio de Deportes José María Martín Carpena,36.68279217722466,-4.460469972879309,https://static.acb.com/img/www/clubes2022/Logoescudo_unicaja2.png,#3D9C35,UNI,Unicaja,Río Breogán,42.99112162431948,-7.545301072767826
Unicaja,Palacio de Deportes José María Martín Carpena,36.68279217722466,-4.460469972879309,https://static.acb.com/img/www/clubes2022/Logoescudo_unicaja2.png,#3D9C35,UNI,Unicaja,Valencia Basket,39.45188248874301,-0.3660431016680829
Unicaja,Palacio de Deportes José María Martín Carpena,36.68279217722466,-4.460469972879309,https://static.acb.com/img/www/clubes2022/Logoescudo_unicaja2.png,#3D9C35,UNI,Unicaja,Cazoo Baskonia,42.86418354588555,-2.641617379517079
Unicaja,Palacio de Deportes José María Martín Carpena,36.68279217722466,-4.460469972879309,https://static.acb.com/img/www/clubes2022/Logoescudo_unicaja2.png,#3D9C35,UNI,Unicaja,Bàsquet Girona,41.99106442107368,2.8105742658463644
Unicaja,Palacio de Deportes José María Martín Carpena,36.68279217722466,-4.460469972879309,https://static.acb.com/img/www/clubes2022/Logoescudo_unicaja2.png,#3D9C35,UNI,Unicaja,Barça,41.3802205350011,2.1201211695310715
Unicaja,Palacio de Deportes José María Martín Carpena,36.68279217722466,-4.460469972879309,https://static.acb.com/img/www/clubes2022/Logoescudo_unicaja2.png,#3D9C35,UNI,Unicaja,Carplus Fuenlabrada,40.28271366483084,-3.800509143982543
Unicaja,Palacio de Deportes José María Martín Carpena,36.68279217722466,-4.460469972879309,https://static.acb.com/img/www/clubes2022/Logoescudo_unicaja2.png,#3D9C35,UNI,Unicaja,Monbus Obradoiro,42.87640091313994,-8.530649001605413
Unicaja,Palacio de Deportes José María Martín Carpena,36.68279217722466,-4.460469972879309,https://static.acb.com/img/www/clubes2022/Logoescudo_unicaja2.png,#3D9C35,UNI,Unicaja,Joventut Badalona,41.4426848150727,2.232038842544811
Unicaja,Palacio de Deportes José María Martín Carpena,36.68279217722466,-4.460469972879309,https://static.acb.com/img/www/clubes2022/Logoescudo_unicaja2.png,#3D9C35,UNI,Unicaja,BAXI Manresa,41.72553131948518,1.809883913714619
Unicaja,Palacio de Deportes José María Martín Carpena,36.68279217722466,-4.460469972879309,https://static.acb.com/img/www/clubes2022/Logoescudo_unicaja2.png,#3D9C35,UNI,Unicaja,Lenovo Tenerife,28.45934431808708,-16.296844528818482
Surne Bilbao Basket,Bilbao Arena,43.252351650418106,-2.9261184727627896,https://static.acb.com/img/www/clubes2022/logo_surnebb_pos.png,#000000,SBB,Surne Bilbao Basket,Real Betis Baloncesto,37.396421763093244,-5.9648958606643605
Surne Bilbao Basket,Bilbao Arena,43.252351650418106,-2.9261184727627896,https://static.acb.com/img/www/clubes2022/logo_surnebb_pos.png,#000000,SBB,Surne Bilbao Basket,Valencia Basket,39.45188248874301,-0.3660431016680829
Surne Bilbao Basket,Bilbao Arena,43.252351650418106,-2.9261184727627896,https://static.acb.com/img/www/clubes2022/logo_surnebb_pos.png,#000000,SBB,Surne Bilbao Basket,Cazoo Baskonia,42.86418354588555,-2.641617379517079
Surne Bilbao Basket,Bilbao Arena,43.252351650418106,-2.9261184727627896,https://static.acb.com/img/www/clubes2022/logo_surnebb_pos.png,#000000,SBB,Surne Bilbao Basket,Carplus Fuenlabrada,40.28271366483084,-3.800509143982543
Surne Bilbao Basket,Bilbao Arena,43.252351650418106,-2.9261184727627896,https://static.acb.com/img/www/clubes2022/logo_surnebb_pos.png,#000000,SBB,Surne Bilbao Basket,Gran Canaria,28.10308200222156,-15.456896903683322
Surne Bilbao Basket,Bilbao Arena,43.252351650418106,-2.9261184727627896,https://static.acb.com/img/www/clubes2022/logo_surnebb_pos.png,#000000,SBB,Surne Bilbao Basket,Monbus Obradoiro,42.87640091313994,-8.530649001605413
Surne Bilbao Basket,Bilbao Arena,43.252351650418106,-2.9261184727627896,https://static.acb.com/img/www/clubes2022/logo_surnebb_pos.png,#000000,SBB,Surne Bilbao Basket,Real Madrid,40.4240337619823,-3.671751201650836
Surne Bilbao Basket,Bilbao Arena,43.252351650418106,-2.9261184727627896,https://static.acb.com/img/www/clubes2022/logo_surnebb_pos.png,#000000,SBB,Surne Bilbao Basket,UCAM Murcia,37.99401913800324,-1.1126044975056224
Surne Bilbao Basket,Bilbao Arena,43.252351650418106,-2.9261184727627896,https://static.acb.com/img/www/clubes2022/logo_surnebb_pos.png,#000000,SBB,Surne Bilbao Basket,Joventut Badalona,41.4426848150727,2.232038842544811
Surne Bilbao Basket,Bilbao Arena,43.252351650418106,-2.9261184727627896,https://static.acb.com/img/www/clubes2022/logo_surnebb_pos.png,#000000,SBB,Surne Bilbao Basket,Coviran Granada,37.15424932400022,-3.5936020041126646
Surne Bilbao Basket,Bilbao Arena,43.252351650418106,-2.9261184727627896,https://static.acb.com/img/www/clubes2022/logo_surnebb_pos.png,#000000,SBB,Surne Bilbao Basket,Bàsquet Girona,41.99106442107368,2.8105742658463644
Surne Bilbao Basket,Bilbao Arena,43.252351650418106,-2.9261184727627896,https://static.acb.com/img/www/clubes2022/logo_surnebb_pos.png,#000000,SBB,Surne Bilbao Basket,Casademont Zaragoza,41.699492152676626,-0.8766544769103839
Surne Bilbao Basket,Bilbao Arena,43.252351650418106,-2.9261184727627896,https://static.acb.com/img/www/clubes2022/logo_surnebb_pos.png,#000000,SBB,Surne Bilbao Basket,Barça,41.3802205350011,2.1201211695310715
Surne Bilbao Basket,Bilbao Arena,43.252351650418106,-2.9261184727627896,https://static.acb.com/img/www/clubes2022/logo_surnebb_pos.png,#000000,SBB,Surne Bilbao Basket,Lenovo Tenerife,28.45934431808708,-16.296844528818482
Surne Bilbao Basket,Bilbao Arena,43.252351650418106,-2.9261184727627896,https://static.acb.com/img/www/clubes2022/logo_surnebb_pos.png,#000000,SBB,Surne Bilbao Basket,BAXI Manresa,41.72553131948518,1.809883913714619
Surne Bilbao Basket,Bilbao Arena,43.252351650418106,-2.9261184727627896,https://static.acb.com/img/www/clubes2022/logo_surnebb_pos.png,#000000,SBB,Surne Bilbao Basket,Río Breogán,42.99112162431948,-7.545301072767826
Surne Bilbao Basket,Bilbao Arena,43.252351650418106,-2.9261184727627896,https://static.acb.com/img/www/clubes2022/logo_surnebb_pos.png,#000000,SBB,Surne Bilbao Basket,Unicaja,36.68279217722466,-4.460469972879309
Río Breogán,Pazo Provincial dos Deportes de Lugo,42.99112162431948,-7.545301072767826,https://static.acb.com/logos/1718/breogan_00.png,#85ADEA,BRE,Río Breogán,Carplus Fuenlabrada,40.28271366483084,-3.800509143982543
Río Breogán,Pazo Provincial dos Deportes de Lugo,42.99112162431948,-7.545301072767826,https://static.acb.com/logos/1718/breogan_00.png,#85ADEA,BRE,Río Breogán,Gran Canaria,28.10308200222156,-15.456896903683322
Río Breogán,Pazo Provincial dos Deportes de Lugo,42.99112162431948,-7.545301072767826,https://static.acb.com/logos/1718/breogan_00.png,#85ADEA,BRE,Río Breogán,Surne Bilbao Basket,43.252351650418106,-2.9261184727627896
Río Breogán,Pazo Provincial dos Deportes de Lugo,42.99112162431948,-7.545301072767826,https://static.acb.com/logos/1718/breogan_00.png,#85ADEA,BRE,Río Breogán,Valencia Basket,39.45188248874301,-0.3660431016680829
Río Breogán,Pazo Provincial dos Deportes de Lugo,42.99112162431948,-7.545301072767826,https://static.acb.com/logos/1718/breogan_00.png,#85ADEA,BRE,Río Breogán,Lenovo Tenerife,28.45934431808708,-16.296844528818482
Río Breogán,Pazo Provincial dos Deportes de Lugo,42.99112162431948,-7.545301072767826,https://static.acb.com/logos/1718/breogan_00.png,#85ADEA,BRE,Río Breogán,Barça,41.3802205350011,2.1201211695310715
Río Breogán,Pazo Provincial dos Deportes de Lugo,42.99112162431948,-7.545301072767826,https://static.acb.com/logos/1718/breogan_00.png,#85ADEA,BRE,Río Breogán,Cazoo Baskonia,42.86418354588555,-2.641617379517079
Río Breogán,Pazo Provincial dos Deportes de Lugo,42.99112162431948,-7.545301072767826,https://static.acb.com/logos/1718/breogan_00.png,#85ADEA,BRE,Río Breogán,Monbus Obradoiro,42.87640091313994,-8.530649001605413
Río Breogán,Pazo Provincial dos Deportes de Lugo,42.99112162431948,-7.545301072767826,https://static.acb.com/logos/1718/breogan_00.png,#85ADEA,BRE,Río Breogán,Coviran Granada,37.15424932400022,-3.5936020041126646
Río Breogán,Pazo Provincial dos Deportes de Lugo,42.99112162431948,-7.545301072767826,https://static.acb.com/logos/1718/breogan_00.png,#85ADEA,BRE,Río Breogán,Bàsquet Girona,41.99106442107368,2.8105742658463644
Río Breogán,Pazo Provincial dos Deportes de Lugo,42.99112162431948,-7.545301072767826,https://static.acb.com/logos/1718/breogan_00.png,#85ADEA,BRE,Río Breogán,Real Betis Baloncesto,37.396421763093244,-5.9648958606643605
Río Breogán,Pazo Provincial dos Deportes de Lugo,42.99112162431948,-7.545301072767826,https://static.acb.com/logos/1718/breogan_00.png,#85ADEA,BRE,Río Breogán,Casademont Zaragoza,41.699492152676626,-0.8766544769103839
Río Breogán,Pazo Provincial dos Deportes de Lugo,42.99112162431948,-7.545301072767826,https://static.acb.com/logos/1718/breogan_00.png,#85ADEA,BRE,Río Breogán,Joventut Badalona,41.4426848150727,2.232038842544811
Río Breogán,Pazo Provincial dos Deportes de Lugo,42.99112162431948,-7.545301072767826,https://static.acb.com/logos/1718/breogan_00.png,#85ADEA,BRE,Río Breogán,Real Madrid,40.4240337619823,-3.671751201650836
Río Breogán,Pazo Provincial dos Deportes de Lugo,42.99112162431948,-7.545301072767826,https://static.acb.com/logos/1718/breogan_00.png,#85ADEA,BRE,Río Breogán,Unicaja,36.68279217722466,-4.460469972879309
Río Breogán,Pazo Provincial dos Deportes de Lugo,42.99112162431948,-7.545301072767826,https://static.acb.com/logos/1718/breogan_00.png,#85ADEA,BRE,Río Breogán,UCAM Murcia,37.99401913800324,-1.1126044975056224
Río Breogán,Pazo Provincial dos Deportes de Lugo,42.99112162431948,-7.545301072767826,https://static.acb.com/logos/1718/breogan_00.png,#85ADEA,BRE,Río Breogán,BAXI Manresa,41.72553131948518,1.809883913714619
Real Madrid,WiZink Center,40.4240337619823,-3.671751201650836,https://static.acb.com/img/20/22/3d/75629.png,#FEBE10,RMB,Real Madrid,Monbus Obradoiro,42.87640091313994,-8.530649001605413
Real Madrid,WiZink Center,40.4240337619823,-3.671751201650836,https://static.acb.com/img/20/22/3d/75629.png,#FEBE10,RMB,Real Madrid,Joventut Badalona,41.4426848150727,2.232038842544811
Real Madrid,WiZink Center,40.4240337619823,-3.671751201650836,https://static.acb.com/img/20/22/3d/75629.png,#FEBE10,RMB,Real Madrid,Carplus Fuenlabrada,40.28271366483084,-3.800509143982543
Real Madrid,WiZink Center,40.4240337619823,-3.671751201650836,https://static.acb.com/img/20/22/3d/75629.png,#FEBE10,RMB,Real Madrid,UCAM Murcia,37.99401913800324,-1.1126044975056224
Real Madrid,WiZink Center,40.4240337619823,-3.671751201650836,https://static.acb.com/img/20/22/3d/75629.png,#FEBE10,RMB,Real Madrid,Valencia Basket,39.45188248874301,-0.3660431016680829
Real Madrid,WiZink Center,40.4240337619823,-3.671751201650836,https://static.acb.com/img/20/22/3d/75629.png,#FEBE10,RMB,Real Madrid,BAXI Manresa,41.72553131948518,1.809883913714619
Real Madrid,WiZink Center,40.4240337619823,-3.671751201650836,https://static.acb.com/img/20/22/3d/75629.png,#FEBE10,RMB,Real Madrid,Barça,41.3802205350011,2.1201211695310715
Real Madrid,WiZink Center,40.4240337619823,-3.671751201650836,https://static.acb.com/img/20/22/3d/75629.png,#FEBE10,RMB,Real Madrid,Gran Canaria,28.10308200222156,-15.456896903683322
Real Madrid,WiZink Center,40.4240337619823,-3.671751201650836,https://static.acb.com/img/20/22/3d/75629.png,#FEBE10,RMB,Real Madrid,Río Breogán,42.99112162431948,-7.545301072767826
Real Madrid,WiZink Center,40.4240337619823,-3.671751201650836,https://static.acb.com/img/20/22/3d/75629.png,#FEBE10,RMB,Real Madrid,Lenovo Tenerife,28.45934431808708,-16.296844528818482
Real Madrid,WiZink Center,40.4240337619823,-3.671751201650836,https://static.acb.com/img/20/22/3d/75629.png,#FEBE10,RMB,Real Madrid,Surne Bilbao Basket,43.252351650418106,-2.9261184727627896
Real Madrid,WiZink Center,40.4240337619823,-3.671751201650836,https://static.acb.com/img/20/22/3d/75629.png,#FEBE10,RMB,Real Madrid,Cazoo Baskonia,42.86418354588555,-2.641617379517079
Real Madrid,WiZink Center,40.4240337619823,-3.671751201650836,https://static.acb.com/img/20/22/3d/75629.png,#FEBE10,RMB,Real Madrid,Coviran Granada,37.15424932400022,-3.5936020041126646
Real Madrid,WiZink Center,40.4240337619823,-3.671751201650836,https://static.acb.com/img/20/22/3d/75629.png,#FEBE10,RMB,Real Madrid,Bàsquet Girona,41.99106442107368,2.8105742658463644
Real Madrid,WiZink Center,40.4240337619823,-3.671751201650836,https://static.acb.com/img/20/22/3d/75629.png,#FEBE10,RMB,Real Madrid,Casademont Zaragoza,41.699492152676626,-0.8766544769103839
Real Madrid,WiZink Center,40.4240337619823,-3.671751201650836,https://static.acb.com/img/20/22/3d/75629.png,#FEBE10,RMB,Real Madrid,Unicaja,36.68279217722466,-4.460469972879309
Real Madrid,WiZink Center,40.4240337619823,-3.671751201650836,https://static.acb.com/img/20/22/3d/75629.png,#FEBE10,RMB,Real Madrid,Real Betis Baloncesto,37.396421763093244,-5.9648958606643605
Coviran Granada,Palacio Deportes Granada,37.15424932400022,-3.5936020041126646,https://static.acb.com/img/www/clubes2023/coviran-granada_logopositivo.png,#C2213C,COV,Coviran Granada,BAXI Manresa,41.72553131948518,1.809883913714619
Coviran Granada,Palacio Deportes Granada,37.15424932400022,-3.5936020041126646,https://static.acb.com/img/www/clubes2023/coviran-granada_logopositivo.png,#C2213C,COV,Coviran Granada,Surne Bilbao Basket,43.252351650418106,-2.9261184727627896
Coviran Granada,Palacio Deportes Granada,37.15424932400022,-3.5936020041126646,https://static.acb.com/img/www/clubes2023/coviran-granada_logopositivo.png,#C2213C,COV,Coviran Granada,Monbus Obradoiro,42.87640091313994,-8.530649001605413
Coviran Granada,Palacio Deportes Granada,37.15424932400022,-3.5936020041126646,https://static.acb.com/img/www/clubes2023/coviran-granada_logopositivo.png,#C2213C,COV,Coviran Granada,Río Breogán,42.99112162431948,-7.545301072767826
Coviran Granada,Palacio Deportes Granada,37.15424932400022,-3.5936020041126646,https://static.acb.com/img/www/clubes2023/coviran-granada_logopositivo.png,#C2213C,COV,Coviran Granada,Real Betis Baloncesto,37.396421763093244,-5.9648958606643605
Coviran Granada,Palacio Deportes Granada,37.15424932400022,-3.5936020041126646,https://static.acb.com/img/www/clubes2023/coviran-granada_logopositivo.png,#C2213C,COV,Coviran Granada,Valencia Basket,39.45188248874301,-0.3660431016680829
Coviran Granada,Palacio Deportes Granada,37.15424932400022,-3.5936020041126646,https://static.acb.com/img/www/clubes2023/coviran-granada_logopositivo.png,#C2213C,COV,Coviran Granada,Cazoo Baskonia,42.86418354588555,-2.641617379517079
Coviran Granada,Palacio Deportes Granada,37.15424932400022,-3.5936020041126646,https://static.acb.com/img/www/clubes2023/coviran-granada_logopositivo.png,#C2213C,COV,Coviran Granada,Real Madrid,40.4240337619823,-3.671751201650836
Coviran Granada,Palacio Deportes Granada,37.15424932400022,-3.5936020041126646,https://static.acb.com/img/www/clubes2023/coviran-granada_logopositivo.png,#C2213C,COV,Coviran Granada,Bàsquet Girona,41.99106442107368,2.8105742658463644
Coviran Granada,Palacio Deportes Granada,37.15424932400022,-3.5936020041126646,https://static.acb.com/img/www/clubes2023/coviran-granada_logopositivo.png,#C2213C,COV,Coviran Granada,Carplus Fuenlabrada,40.28271366483084,-3.800509143982543
Coviran Granada,Palacio Deportes Granada,37.15424932400022,-3.5936020041126646,https://static.acb.com/img/www/clubes2023/coviran-granada_logopositivo.png,#C2213C,COV,Coviran Granada,Gran Canaria,28.10308200222156,-15.456896903683322
Coviran Granada,Palacio Deportes Granada,37.15424932400022,-3.5936020041126646,https://static.acb.com/img/www/clubes2023/coviran-granada_logopositivo.png,#C2213C,COV,Coviran Granada,UCAM Murcia,37.99401913800324,-1.1126044975056224
Coviran Granada,Palacio Deportes Granada,37.15424932400022,-3.5936020041126646,https://static.acb.com/img/www/clubes2023/coviran-granada_logopositivo.png,#C2213C,COV,Coviran Granada,Unicaja,36.68279217722466,-4.460469972879309
Coviran Granada,Palacio Deportes Granada,37.15424932400022,-3.5936020041126646,https://static.acb.com/img/www/clubes2023/coviran-granada_logopositivo.png,#C2213C,COV,Coviran Granada,Barça,41.3802205350011,2.1201211695310715
Coviran Granada,Palacio Deportes Granada,37.15424932400022,-3.5936020041126646,https://static.acb.com/img/www/clubes2023/coviran-granada_logopositivo.png,#C2213C,COV,Coviran Granada,Lenovo Tenerife,28.45934431808708,-16.296844528818482
Coviran Granada,Palacio Deportes Granada,37.15424932400022,-3.5936020041126646,https://static.acb.com/img/www/clubes2023/coviran-granada_logopositivo.png,#C2213C,COV,Coviran Granada,Casademont Zaragoza,41.699492152676626,-0.8766544769103839
Coviran Granada,Palacio Deportes Granada,37.15424932400022,-3.5936020041126646,https://static.acb.com/img/www/clubes2023/coviran-granada_logopositivo.png,#C2213C,COV,Coviran Granada,Joventut Badalona,41.4426848150727,2.232038842544811
Lenovo Tenerife,Pab. Dep. Tenerife Santiago Martín,28.45934431808708,-16.296844528818482,https://static.acb.com/img/www/clubes2021/LenovoTenerife-pos-vert.png,#E9CD5F,LNT,Lenovo Tenerife,Bàsquet Girona,41.99106442107368,2.8105742658463644
Lenovo Tenerife,Pab. Dep. Tenerife Santiago Martín,28.45934431808708,-16.296844528818482,https://static.acb.com/img/www/clubes2021/LenovoTenerife-pos-vert.png,#E9CD5F,LNT,Lenovo Tenerife,Monbus Obradoiro,42.87640091313994,-8.530649001605413
Lenovo Tenerife,Pab. Dep. Tenerife Santiago Martín,28.45934431808708,-16.296844528818482,https://static.acb.com/img/www/clubes2021/LenovoTenerife-pos-vert.png,#E9CD5F,LNT,Lenovo Tenerife,Surne Bilbao Basket,43.252351650418106,-2.9261184727627896
Lenovo Tenerife,Pab. Dep. Tenerife Santiago Martín,28.45934431808708,-16.296844528818482,https://static.acb.com/img/www/clubes2021/LenovoTenerife-pos-vert.png,#E9CD5F,LNT,Lenovo Tenerife,Valencia Basket,39.45188248874301,-0.3660431016680829
Lenovo Tenerife,Pab. Dep. Tenerife Santiago Martín,28.45934431808708,-16.296844528818482,https://static.acb.com/img/www/clubes2021/LenovoTenerife-pos-vert.png,#E9CD5F,LNT,Lenovo Tenerife,Carplus Fuenlabrada,40.28271366483084,-3.800509143982543
Lenovo Tenerife,Pab. Dep. Tenerife Santiago Martín,28.45934431808708,-16.296844528818482,https://static.acb.com/img/www/clubes2021/LenovoTenerife-pos-vert.png,#E9CD5F,LNT,Lenovo Tenerife,Real Madrid,40.4240337619823,-3.671751201650836
Lenovo Tenerife,Pab. Dep. Tenerife Santiago Martín,28.45934431808708,-16.296844528818482,https://static.acb.com/img/www/clubes2021/LenovoTenerife-pos-vert.png,#E9CD5F,LNT,Lenovo Tenerife,Coviran Granada,37.15424932400022,-3.5936020041126646
Lenovo Tenerife,Pab. Dep. Tenerife Santiago Martín,28.45934431808708,-16.296844528818482,https://static.acb.com/img/www/clubes2021/LenovoTenerife-pos-vert.png,#E9CD5F,LNT,Lenovo Tenerife,Unicaja,36.68279217722466,-4.460469972879309
Lenovo Tenerife,Pab. Dep. Tenerife Santiago Martín,28.45934431808708,-16.296844528818482,https://static.acb.com/img/www/clubes2021/LenovoTenerife-pos-vert.png,#E9CD5F,LNT,Lenovo Tenerife,Real Betis Baloncesto,37.396421763093244,-5.9648958606643605
Lenovo Tenerife,Pab. Dep. Tenerife Santiago Martín,28.45934431808708,-16.296844528818482,https://static.acb.com/img/www/clubes2021/LenovoTenerife-pos-vert.png,#E9CD5F,LNT,Lenovo Tenerife,BAXI Manresa,41.72553131948518,1.809883913714619
Lenovo Tenerife,Pab. Dep. Tenerife Santiago Martín,28.45934431808708,-16.296844528818482,https://static.acb.com/img/www/clubes2021/LenovoTenerife-pos-vert.png,#E9CD5F,LNT,Lenovo Tenerife,Joventut Badalona,41.4426848150727,2.232038842544811
Lenovo Tenerife,Pab. Dep. Tenerife Santiago Martín,28.45934431808708,-16.296844528818482,https://static.acb.com/img/www/clubes2021/LenovoTenerife-pos-vert.png,#E9CD5F,LNT,Lenovo Tenerife,Gran Canaria,28.10308200222156,-15.456896903683322
Lenovo Tenerife,Pab. Dep. Tenerife Santiago Martín,28.45934431808708,-16.296844528818482,https://static.acb.com/img/www/clubes2021/LenovoTenerife-pos-vert.png,#E9CD5F,LNT,Lenovo Tenerife,Barça,41.3802205350011,2.1201211695310715
Lenovo Tenerife,Pab. Dep. Tenerife Santiago Martín,28.45934431808708,-16.296844528818482,https://static.acb.com/img/www/clubes2021/LenovoTenerife-pos-vert.png,#E9CD5F,LNT,Lenovo Tenerife,Cazoo Baskonia,42.86418354588555,-2.641617379517079
Lenovo Tenerife,Pab. Dep. Tenerife Santiago Martín,28.45934431808708,-16.296844528818482,https://static.acb.com/img/www/clubes2021/LenovoTenerife-pos-vert.png,#E9CD5F,LNT,Lenovo Tenerife,Río Breogán,42.99112162431948,-7.545301072767826
Lenovo Tenerife,Pab. Dep. Tenerife Santiago Martín,28.45934431808708,-16.296844528818482,https://static.acb.com/img/www/clubes2021/LenovoTenerife-pos-vert.png,#E9CD5F,LNT,Lenovo Tenerife,UCAM Murcia,37.99401913800324,-1.1126044975056224
Lenovo Tenerife,Pab. Dep. Tenerife Santiago Martín,28.45934431808708,-16.296844528818482,https://static.acb.com/img/www/clubes2021/LenovoTenerife-pos-vert.png,#E9CD5F,LNT,Lenovo Tenerife,Casademont Zaragoza,41.699492152676626,-0.8766544769103839
Casademont Zaragoza,Pabellón Príncipe Felipe,41.699492152676626,-0.8766544769103839,https://static.acb.com/img/3a/16/1c/logo_zza_2020.png,#C8102E,CAZ,Casademont Zaragoza,UCAM Murcia,37.99401913800324,-1.1126044975056224
Casademont Zaragoza,Pabellón Príncipe Felipe,41.699492152676626,-0.8766544769103839,https://static.acb.com/img/3a/16/1c/logo_zza_2020.png,#C8102E,CAZ,Casademont Zaragoza,Cazoo Baskonia,42.86418354588555,-2.641617379517079
Casademont Zaragoza,Pabellón Príncipe Felipe,41.699492152676626,-0.8766544769103839,https://static.acb.com/img/3a/16/1c/logo_zza_2020.png,#C8102E,CAZ,Casademont Zaragoza,Carplus Fuenlabrada,40.28271366483084,-3.800509143982543
Casademont Zaragoza,Pabellón Príncipe Felipe,41.699492152676626,-0.8766544769103839,https://static.acb.com/img/3a/16/1c/logo_zza_2020.png,#C8102E,CAZ,Casademont Zaragoza,Real Madrid,40.4240337619823,-3.671751201650836
Casademont Zaragoza,Pabellón Príncipe Felipe,41.699492152676626,-0.8766544769103839,https://static.acb.com/img/3a/16/1c/logo_zza_2020.png,#C8102E,CAZ,Casademont Zaragoza,Surne Bilbao Basket,43.252351650418106,-2.9261184727627896
Casademont Zaragoza,Pabellón Príncipe Felipe,41.699492152676626,-0.8766544769103839,https://static.acb.com/img/3a/16/1c/logo_zza_2020.png,#C8102E,CAZ,Casademont Zaragoza,Coviran Granada,37.15424932400022,-3.5936020041126646
Casademont Zaragoza,Pabellón Príncipe Felipe,41.699492152676626,-0.8766544769103839,https://static.acb.com/img/3a/16/1c/logo_zza_2020.png,#C8102E,CAZ,Casademont Zaragoza,Río Breogán,42.99112162431948,-7.545301072767826
Casademont Zaragoza,Pabellón Príncipe Felipe,41.699492152676626,-0.8766544769103839,https://static.acb.com/img/3a/16/1c/logo_zza_2020.png,#C8102E,CAZ,Casademont Zaragoza,Lenovo Tenerife,28.45934431808708,-16.296844528818482
Casademont Zaragoza,Pabellón Príncipe Felipe,41.699492152676626,-0.8766544769103839,https://static.acb.com/img/3a/16/1c/logo_zza_2020.png,#C8102E,CAZ,Casademont Zaragoza,Real Betis Baloncesto,37.396421763093244,-5.9648958606643605
Casademont Zaragoza,Pabellón Príncipe Felipe,41.699492152676626,-0.8766544769103839,https://static.acb.com/img/3a/16/1c/logo_zza_2020.png,#C8102E,CAZ,Casademont Zaragoza,Barça,41.3802205350011,2.1201211695310715
Casademont Zaragoza,Pabellón Príncipe Felipe,41.699492152676626,-0.8766544769103839,https://static.acb.com/img/3a/16/1c/logo_zza_2020.png,#C8102E,CAZ,Casademont Zaragoza,Monbus Obradoiro,42.87640091313994,-8.530649001605413
Casademont Zaragoza,Pabellón Príncipe Felipe,41.699492152676626,-0.8766544769103839,https://static.acb.com/img/3a/16/1c/logo_zza_2020.png,#C8102E,CAZ,Casademont Zaragoza,Valencia Basket,39.45188248874301,-0.3660431016680829
Casademont Zaragoza,Pabellón Príncipe Felipe,41.699492152676626,-0.8766544769103839,https://static.acb.com/img/3a/16/1c/logo_zza_2020.png,#C8102E,CAZ,Casademont Zaragoza,Gran Canaria,28.10308200222156,-15.456896903683322
Casademont Zaragoza,Pabellón Príncipe Felipe,41.699492152676626,-0.8766544769103839,https://static.acb.com/img/3a/16/1c/logo_zza_2020.png,#C8102E,CAZ,Casademont Zaragoza,BAXI Manresa,41.72553131948518,1.809883913714619
Casademont Zaragoza,Pabellón Príncipe Felipe,41.699492152676626,-0.8766544769103839,https://static.acb.com/img/3a/16/1c/logo_zza_2020.png,#C8102E,CAZ,Casademont Zaragoza,Unicaja,36.68279217722466,-4.460469972879309
Casademont Zaragoza,Pabellón Príncipe Felipe,41.699492152676626,-0.8766544769103839,https://static.acb.com/img/3a/16/1c/logo_zza_2020.png,#C8102E,CAZ,Casademont Zaragoza,Joventut Badalona,41.4426848150727,2.232038842544811
Casademont Zaragoza,Pabellón Príncipe Felipe,41.699492152676626,-0.8766544769103839,https://static.acb.com/img/3a/16/1c/logo_zza_2020.png,#C8102E,CAZ,Casademont Zaragoza,Bàsquet Girona,41.99106442107368,2.8105742658463644
